Precision_C0,Precision_C1,Precision_C2,Precision_C3,Recall_C0,Recall_C1,Recall_C2,Recall_C3,F1_C0,F1_C1,F1_C2,F1_C3,Macro_F1,MCC,Run
0.4061094755125727,0.1634920634920635,0.38971453349818125,0.35502204969905654,0.3775985722706623,0.03869535820325132,0.2860155862292547,0.5570450433467125,0.3889723166218008,0.05807836045810729,0.3233592271393465,0.4324704151568109,0.3007200798440164,0.10009170226058224,1.0
0.4171557463527898,0.196820420958352,0.36708904656115704,0.37175213778129584,0.44864162529501445,0.0731338030506233,0.27631651639617977,0.47794263605375953,0.4265454062887016,0.10081798023876679,0.3096108549064646,0.4155097592953377,0.31312100018231764,0.10320926788360311,2.0
0.4186908165703985,0.2529208238970339,0.386462716379962,0.3562141606333362,0.3148778110588123,0.11605513889810697,0.29918597179858214,0.5638486120194557,0.34001107014599563,0.13478370300800208,0.32908443195979364,0.430669414955673,0.3086371550173661,0.10416312109131783,3.0
0.4239541178371473,0.15333333333333332,0.3922271101090463,0.3489114018530738,0.382469363446947,0.05749247067247951,0.2534356057232473,0.5725275166206212,0.4016088571229517,0.08352120236178207,0.30245984478665733,0.4327984075030087,0.3050970779435999,0.10345693440494604,4.0
0.40466869375761744,0.1757692307692308,0.40739150165518945,0.36830567857249763,0.46265039644167355,0.08622038220864878,0.2006693285781224,0.4994075584966772,0.4255809991073331,0.10530671951724775,0.26461235872993427,0.40332130223841967,0.29970534489823375,0.09463802516702195,5.0
