Precision_C0,Precision_C1,Precision_C2,Precision_C3,Recall_C0,Recall_C1,Recall_C2,Recall_C3,F1_C0,F1_C1,F1_C2,F1_C3,Macro_F1,MCC,Run
0.6323109452334257,0.2834995834432725,0.5732663514099701,0.5045446758400212,0.5918497117828189,0.19040185789458214,0.5252161548148979,0.6286049365013705,0.610370541768756,0.21737974632985932,0.5468030809306932,0.5570787672689261,0.4829080340745587,0.35937445040442945,1.0
0.6331461238948208,0.2244510227042181,0.5718830449254069,0.5079751708357916,0.5828950852230254,0.20064969867921345,0.5207065517932279,0.6031469326305559,0.6043565885471442,0.20812788751208727,0.5445637419656489,0.5481200981872186,0.4762920790530248,0.3488255793279687,2.0
0.6518954802055288,0.2241855471551212,0.6041106638277108,0.5035770640097974,0.5839627554967735,0.26219926304481955,0.49065322116089405,0.6203062846343597,0.6136901082742463,0.23199501972679873,0.5364102908537485,0.5543326084209068,0.4841070068189251,0.3566723771827394,3.0
0.6404419554463795,0.2197246469377617,0.6014837447408794,0.5034418261761846,0.5926472100788968,0.18590804742949812,0.49060204844237065,0.6368698392990532,0.6118612663346977,0.19265850914789986,0.5364196841970867,0.5565255133309555,0.47436624325265997,0.35544918511290813,4.0
0.6336769766567659,0.23937229437229438,0.6039787399324558,0.5134179492027809,0.6054392393662942,0.18563248452456235,0.48595313630755904,0.643669927028784,0.6178965197979099,0.19582603344743305,0.5362299833373204,0.5687688400020772,0.47968034414618516,0.36071988813487055,5.0
