Precision_C0,Precision_C1,Precision_C2,Precision_C3,Recall_C0,Recall_C1,Recall_C2,Recall_C3,F1_C0,F1_C1,F1_C2,F1_C3,Macro_F1,MCC,Run
0.6256663947266194,0.21971988795518205,0.5370601611226611,0.5148957544550457,0.7227140991789526,0.06553193991239674,0.5129803414007655,0.5333109995058942,0.6703751742099302,0.09327533995112655,0.5244733141256565,0.5209501685383536,0.45226849920626677,0.35822192045625945,1.0
0.6145824454828458,0.1995546036920511,0.5492392509270128,0.52007822523537,0.7386355202428829,0.1165053441266795,0.4746777265745007,0.5046444926852329,0.6676611371862359,0.14509446960992273,0.5047309141515959,0.5086970733318835,0.4565458985699095,0.3506171074135641,2.0
0.610175905144183,0.19647609095884958,0.5751528296265139,0.5108450750538255,0.7375001404718992,0.11524974865354502,0.45719172659019025,0.5350325417828666,0.6666831943510823,0.13268325941502587,0.5060409962185815,0.5216071674860635,0.4567536543676883,0.3547029021439602,3.0
0.61698598106866,0.3993333333333333,0.5615046168561233,0.5263864744790163,0.7547046297928326,0.07427128746235337,0.5095889717129083,0.5382390022813074,0.6780731736126427,0.11326880297581325,0.5335759026241096,0.5298389779378139,0.4636892142875949,0.37545647044756303,4.0
0.6150078392100702,0.23857814470817568,0.5729950831396389,0.5260139514863017,0.740501574483931,0.09400265841197761,0.5139830257782803,0.5272211037465115,0.6710602797428602,0.13071230412779708,0.540415203002975,0.5259744093863393,0.4670405490649928,0.3688428418964894,5.0
