Precision_C0,Precision_C1,Precision_C2,Precision_C3,Recall_C0,Recall_C1,Recall_C2,Recall_C3,F1_C0,F1_C1,F1_C2,F1_C3,Macro_F1,MCC,Run
0.3886671506326685,0.08571428571428572,0.3645648618308105,0.3612750905533768,0.37194362525334107,0.011764705882352941,0.3587096297958827,0.5029317113128828,0.3746720334147743,0.020689655172413793,0.35450927999838794,0.41828460923611227,0.2920388944554221,0.09262539423468209,1.0
0.3991746183169476,0.04,0.3709657474684797,0.358977418898429,0.3522993547086739,0.00851063829787234,0.319847138182061,0.5701082388386972,0.37113295653129197,0.014035087719298244,0.33585612342698534,0.4380316999771354,0.2897639669136778,0.09802310584684168,2.0
0.40170021211005025,0.02857142857142857,0.3508971510575919,0.3893786571092774,0.46664939942860356,0.003508771929824561,0.3278076257343789,0.44562259884104394,0.42715386158169544,0.00625,0.3383775601114005,0.4065127837969035,0.2945735513724999,0.09890467107868664,3.0
0.3916259202709549,0.0,0.3596904639917957,0.36098343321816023,0.36961672423962455,0.0,0.3548234428546535,0.5084000778812571,0.3714949971243253,0.0,0.3523019877634297,0.41782981428965443,0.2854066997943524,0.09293572896344088,4.0
0.4043606840810005,0.0,0.37517940615194617,0.3607382764152237,0.3682281380592234,0.0,0.3720897961283665,0.500058837395865,0.3689480964540815,0.0,0.3587283810475928,0.4163681443517667,0.28601115546336026,0.09586265922915001,5.0
