Precision_C0,Precision_C1,Precision_C2,Precision_C3,Recall_C0,Recall_C1,Recall_C2,Recall_C3,F1_C0,F1_C1,F1_C2,F1_C3,Macro_F1,MCC,Run
0.6321033234599067,0.3478004022121669,0.5039908646847151,0.5497308498239899,0.6703405740987924,0.10242819766587297,0.5179109764460903,0.5954038619618867,0.645140304699115,0.14264461394991707,0.5046507385405041,0.5696295810000567,0.46551630954739825,0.3679540044418965,1.0
0.6568370701499807,0.27290487643840783,0.5088363935642878,0.5476526196882163,0.6670903595355628,0.1508668134412905,0.5762909236625926,0.5554436268441758,0.6585921986888599,0.1913843361039655,0.5382228983933098,0.547165525609065,0.4838412396988,0.37818956579803287,2.0
0.6456621200797581,0.2598167132649891,0.5015362616409269,0.563611188602964,0.6551381162934435,0.15769809664977913,0.5831796922324772,0.5455337041812433,0.6482133857626249,0.1894563738538894,0.5361296571635947,0.5503707267344635,0.4810425358786431,0.3715564415132113,3.0
0.6441887234828412,0.27131132756132753,0.49518361951508333,0.5601672990660054,0.649688521280915,0.1306043470019587,0.5606345679490405,0.5782690327660347,0.6447449604174877,0.16371394946310056,0.5258413146938236,0.5665626424580922,0.475215716758126,0.37000015856027363,4.0
0.6515182715052609,0.2965367965367965,0.4758949788351171,0.5674674722223314,0.6393291880428782,0.13962247736147199,0.5834709381881428,0.5680852496802314,0.6409399054821255,0.18179443744661133,0.5212232957381036,0.565387223316898,0.4773362154959345,0.37149604850008844,5.0
