Precision_C0,Precision_C1,Precision_C2,Precision_C3,Recall_C0,Recall_C1,Recall_C2,Recall_C3,F1_C0,F1_C1,F1_C2,F1_C3,Macro_F1,MCC,Run
0.6515823558162268,0.2306787386055679,0.5321952268152617,0.49762675770152287,0.5199758609948404,0.17760237528294676,0.600061157869799,0.6209797422751839,0.5769675885770916,0.19189305694226536,0.5619616030855452,0.5509444532529992,0.4704416754644754,0.3489134730045266,1.0
0.6595622228198144,0.23342276697389375,0.5057935562024969,0.5007511708801851,0.4912771902883543,0.16926873433770884,0.6045749816336072,0.6279298858439003,0.5597369009848927,0.1942433659717728,0.549110708715588,0.5548511699620571,0.46448553640857765,0.34122382269698043,2.0
0.6625929805044162,0.25651732320835313,0.5271314046649868,0.4924291990991688,0.5039089223428119,0.19641944991384164,0.6046480862948661,0.6280649279755763,0.5706970713308254,0.2164499327912032,0.5627428678890763,0.5492653136200927,0.47478879640779936,0.34953084492577285,3.0
0.659370050424052,0.22888480166656536,0.5158943552044809,0.5004732145702867,0.4978879689879972,0.16967418546365912,0.6137297527541675,0.6248542152939222,0.5660037440782811,0.19069065045146938,0.5598666968483957,0.5555192762102628,0.4680200918971022,0.3452083870952468,4.0
0.6649331032814146,0.24020916077367688,0.5425710758463372,0.4912871831269352,0.5048545656002412,0.1600397499207274,0.6075995587686563,0.6518312933741793,0.5722834922549034,0.19021030929388483,0.5724150451697001,0.559215302200929,0.47353103722985435,0.354899725089574,5.0
